code,latitude,longitude,matched_grid,number
DH03368001,25.286,121.539,AGPC,1
DH03368002,25.292,121.534,AGPI,1
DH03368003,25.281,121.553,AGPC,2
DH03368004,25.286,121.543,AGPC,3
DH03368005,25.222,121.476,AGNU,1
DH03368006,25.217,121.451,AGNS,1
DH03368007,25.208,121.456,AGNF,1
DH03368008,25.206,121.457,AGNF,2
DH03368009,25.219,121.531,AGNW,1
DH03368010,25.214,121.61,AGNM,1
DH03368011,25.213,121.63,AGNN,1
DH03368012,25.118,121.29,AGIN,1
DH03368013,25.113,121.289,AGIN,2
DH03368014,25.129,121.383,AGJW,1
DH03368015,25.126,121.374,AGJW,2
DH03368016,25.09,121.37,AGHI,1
DH03368017,25.127,121.461,AGKA,1
DH03368018,25.046,121.135,AGCD,1
DH03368019,25.045,121.118,AGCC,1
DH03368020,25.042,121.116,AGCC,2
DH03368021,25.042,121.124,AGCD,2
DH03368022,25.04,121.127,AGCD,3
DH03368023,25.037,121.127,AGCD,4
DH03368024,25.038,121.118,AGCC,3
DH03368025,25.036,121.122,AGCD,5
DH03368026,25.034,121.118,AGCC,4
DH03368027,25.033,121.126,AGCD,6
DH03368028,25.032,121.12,AGAG,1
DH03368029,25.062,121.206,AGDZ,1
DH03368030,25.05,121.207,AGCH,1
DH03368031,25.046,121.212,AGCH,2
DH03368032,25.044,121.202,AGCG,1
DH03368033,25.045,121.208,AGCH,3
DH03368034,25.035,121.219,AGCH,4
DH03368035,25.022,121.208,AGAL,1
DH03368036,25.036,121.205,AGCH,5
DH03368037,25.037,121.211,AGCH,6
DH03368038,25.03,121.211,AGAL,2
DH03368039,25.03,121.216,AGAL,3
DH03368040,25.031,121.204,AGAL,4
DH03368041,25.045,121.284,AGCK,1
DH03368042,25.046,121.294,AGCL,1
DH03368043,25.042,121.287,AGCL,2
DH03368044,25.038,121.284,AGCK,2
DH03368045,25.034,121.284,AGCK,3
DH03368046,25.032,121.29,AGCL,3
DH03368047,25.044,121.385,AGCP,1
DH03368048,25.018,121.359,AGAS,1
DH03368049,25.031,121.388,AGCP,2
DH03368050,24.967,121.034,AFUS,1
DH03368051,24.964,121.045,AFUT,1
DH03368052,24.96,121.034,AFUS,2
DH03368053,24.954,121.033,AFTC,1
DH03368054,24.957,121.043,AFTD,1
DH03368055,24.951,121.038,AFTC,2
DH03368056,24.972,121.071,AFUU,1
DH03368057,24.964,121.125,AFUX,1
DH03368058,24.965,121.115,AFUW,1
DH03368059,24.966,121.111,AFUW,2
DH03368060,24.96,121.128,AFUX,2
DH03368061,24.96,121.125,AFUX,3
DH03368062,24.959,121.112,AFUW,3
DH03368063,24.957,121.125,AFTH,1
DH03368064,24.953,121.122,AFTH,2
DH03368065,24.953,121.117,AFTG,1
DH03368066,24.954,121.125,AFTH,3
DH03368067,24.965,121.212,AFVB,1
DH03368068,24.967,121.201,AFVA,1
DH03368069,24.966,121.207,AFVB,2
DH03368070,24.966,121.206,AFVB,3
DH03368071,24.963,121.217,AFVB,4
DH03368072,24.96,121.207,AFVB,5
DH03368073,24.948,121.209,AFTL,1
DH03368074,24.955,121.205,AFTL,2
DH03368075,24.955,121.207,AFTL,3
DH03368076,24.967,121.276,AFVE,1
DH03368077,24.963,121.301,AFVF,1
DH03368078,24.956,121.285,AFTO,1
DH03368079,24.967,121.291,AFVF,2
DH03368080,24.965,121.294,AFVF,3
DH03368081,24.954,121.289,AFTP,1
DH03368082,24.963,121.296,AFVF,4
DH03368083,24.961,121.293,AFVF,5
DH03368084,24.952,121.383,AFTT,1
DH03368085,24.958,121.389,AFVK,1
DH03368086,24.957,121.388,AFVK,2
DH03368087,24.956,121.381,AFTT,2
DH03368088,24.953,121.374,AFTT,3
DH03368089,24.953,121.381,AFTT,4
DH03368090,24.978,121.461,AFXF,1
DH03368091,24.89,120.958,AFOB,1
DH03368092,24.883,120.955,AFMK,1
DH03368093,24.876,120.955,AFMK,2
DH03368094,24.868,120.96,AFML,1
DH03368095,24.887,121.037,AFOE,1
DH03368096,24.887,121.029,AFOE,2
DH03368097,24.879,121.028,AFMO,1
DH03368098,24.881,121.033,AFMO,2
DH03368099,24.884,121.041,AFMP,1
DH03368100,24.882,121.046,AFMP,2
DH03368101,24.882,121.035,AFMO,3
DH03368102,24.879,121.048,AFMP,3
DH03368103,24.873,121.035,AFMO,4
DH03368104,24.874,121.038,AFMO,5
DH03368105,24.889,121.119,AFOI,1
DH03368106,24.887,121.116,AFOI,2
DH03368107,24.879,121.206,AFMX,1
DH03368108,24.886,121.216,AFON,1
DH03368109,24.884,121.206,AFON,2
DH03368110,24.873,121.213,AFMX,2
DH03368111,24.884,121.296,AFOR,1
DH03368112,24.879,121.289,AFNB,1
DH03368113,24.882,121.293,AFNB,2
DH03368114,24.879,121.294,AFNB,3
DH03368115,24.876,121.282,AFNA,1
DH03368116,24.874,121.29,AFNB,4
DH03368117,24.876,121.285,AFNB,5
DH03368118,24.858,121.28,AFLL,1
DH03368119,24.786,120.965,AFFB,1
DH03368120,24.784,120.966,AFFB,2
DH03368121,24.792,121.037,AFGO,1
DH03368122,24.79,121.036,AFFE,1
DH03368123,24.785,121.035,AFFE,2
DH03368124,24.784,121.042,AFFF,1
DH03368125,24.795,121.13,AFGT,1
DH03368126,24.796,121.79,ANBA,1
DH03368127,24.793,121.791,ANBA,2
DH03368128,24.793,121.785,ANBA,3
DH03368129,24.795,121.795,ANBA,4
DH03368130,24.787,121.795,ANBA,5
DH03368131,24.783,121.789,ANAQ,1
DH03368132,24.791,121.787,ANBA,6
DH03368133,24.788,121.786,ANBA,7
DH03368134,24.785,121.792,ANBA,8
DH03368135,24.786,121.788,ANBA,9
DH03368136,24.787,121.788,ANBA,10
DH03368137,24.786,121.785,ANBA,11
DH03368138,24.781,121.785,ANAQ,2
DH03368139,24.72,120.878,AFAT,1
DH03368140,24.716,120.878,AEZJ,1
DH03368141,24.714,120.882,AEZJ,2
DH03368142,24.715,120.874,AEZJ,3
DH03368143,24.711,120.887,AEZJ,4
DH03368144,24.712,120.878,AEZJ,5
DH03368145,24.708,120.886,AEZJ,6
DH03368146,24.709,120.875,AEZJ,7
DH03368147,24.705,120.886,AEZJ,8
DH03368148,24.708,120.879,AEZJ,9
DH03368149,24.704,120.879,AEZJ,10
DH03368150,24.704,121.055,AEZR,1
DH03368151,24.717,121.12,AFBF,1
DH03368152,24.715,121.117,AEZU,1
DH03368153,24.724,121.708,AMZE,1
DH03368154,24.719,121.718,AMZF,1
DH03368155,24.716,121.717,AMZF,2
DH03368156,24.713,121.709,AMZE,2
DH03368157,24.71,121.785,AMZI,1
DH03368158,24.709,121.79,AMYW,1
DH03368159,24.706,121.797,AMYX,1
DH03368160,24.707,121.784,AMYW,2
DH03368161,24.645,120.811,AEVJ,1
DH03368162,24.64,120.784,AETZ,1
DH03368163,24.623,120.79,AESR,1
DH03368164,24.623,120.786,AESQ,1
DH03368165,24.621,120.788,AESQ,2
DH03368166,24.621,120.798,AESR,2
DH03368167,24.616,120.782,AESQ,3
DH03368168,24.619,120.792,AESR,3
DH03368169,24.61,120.802,AESR,4
DH03368170,24.621,120.89,AESV,1
DH03368171,24.634,121.717,AMWG,1
DH03368172,24.628,121.792,AMWJ,1
DH03368173,24.628,121.785,AMWJ,2
DH03368174,24.619,121.794,AMWJ,3
DH03368175,24.544,120.701,AENC,1
DH03368176,24.541,120.796,AENH,1
DH03368177,24.538,120.796,AENH,2
DH03368178,24.532,120.791,AELY,1
DH03368179,24.469,120.7,AEHU,1
DH03368180,24.465,120.716,AEHV,1
DH03368181,24.447,120.707,AEGO,1
DH03368182,24.464,120.71,AEHV,2
DH03368183,24.462,120.717,AEHV,3
DH03368184,24.462,120.713,AEHV,4
DH03368185,24.457,120.716,AEGO,2
DH03368186,24.474,120.789,AEHZ,1
DH03368187,24.455,120.783,AEGR,1
DH03368188,24.461,120.785,AEHY,1
DH03368189,24.381,120.608,ADYX,1
DH03368190,24.387,120.619,ADZT,1
DH03368191,24.386,120.618,ADZT,2
DH03368192,24.38,120.629,ADYY,1
DH03368193,24.383,120.613,ADYX,2
DH03368194,24.38,120.628,ADYY,2
DH03368195,24.371,120.618,ADYX,3
DH03368196,24.368,120.635,ADYY,3
DH03368197,24.403,120.671,AEEG,1
DH03368198,24.385,120.703,AEDI,1
DH03368199,24.38,120.705,ADZB,1
DH03368200,24.373,120.709,AECM,1
DH03368201,24.284,120.605,ADRT,1
DH03368202,24.293,120.634,ADTN,1
DH03368203,24.298,120.691,ADTQ,1
DH03368204,24.292,120.684,ADTP,1
DH03368205,24.296,120.717,ADTR,1
DH03368206,24.294,120.706,ADTQ,2
DH03368207,24.291,120.71,ADTR,2
DH03368208,24.292,120.718,ADTR,3
DH03368209,24.285,120.719,ADRY,1
DH03368210,24.287,120.79,ADSC,1
DH03368211,24.216,120.541,ADKU,1
DH03368212,24.216,120.534,ADKU,2
DH03368213,24.21,120.533,ADKU,3
DH03368214,24.209,120.541,ADKU,4
DH03368215,24.202,120.538,ADKU,5
DH03368216,24.204,120.545,ADKV,1
DH03368217,24.207,120.627,ADKZ,1
DH03368218,24.205,120.615,ADKY,1
DH03368219,24.204,120.623,ADKY,2
DH03368220,24.205,120.616,ADKY,3
DH03368221,24.227,120.635,ADMR,1
DH03368222,24.217,120.609,ADMQ,1
DH03368223,24.217,120.621,ADMQ,2
DH03368224,24.213,120.628,ADKZ,2
DH03368225,24.212,120.615,ADKY,4
DH03368226,24.208,120.623,ADKY,5
DH03368227,24.208,120.623,ADKY,6
DH03368228,24.22,120.715,ADMV,1
DH03368229,24.214,120.705,ADLC,1
DH03368230,24.209,120.716,ADLD,1
DH03368231,24.212,120.712,ADLD,2
DH03368232,24.21,120.709,ADLD,3
DH03368233,24.202,120.702,ADLC,2
DH03368234,24.207,120.712,ADLD,4
DH03368235,24.198,120.715,ADLD,5
DH03368236,24.207,120.714,ADLD,6
DH03368237,24.204,120.707,ADLD,7
DH03368238,24.128,120.458,ADED,1
DH03368239,24.111,120.457,ADCJ,1
DH03368240,24.123,120.465,ADCK,1
DH03368241,24.124,120.463,ADEE,1
DH03368242,24.124,120.458,ADED,2
DH03368243,24.124,120.457,ADED,3
DH03368244,24.124,120.457,ADED,4
DH03368245,24.12,120.464,ADCK,2
DH03368246,24.12,120.458,ADCJ,2
DH03368247,24.12,120.459,ADCJ,3
DH03368248,24.118,120.458,ADCJ,4
DH03368249,24.118,120.463,ADCK,3
DH03368250,24.116,120.457,ADCJ,5
DH03368251,24.119,120.534,ADCN,1
DH03368252,24.12,120.538,ADCN,2
DH03368253,24.119,120.537,ADCN,3
DH03368254,24.117,120.541,ADCN,4
DH03368255,24.128,120.621,ADEL,1
DH03368256,24.124,120.626,ADEM,1
DH03368257,24.126,120.619,ADEL,2
DH03368258,24.126,120.613,ADEL,3
DH03368259,24.124,120.624,ADEM,2
DH03368260,24.124,120.618,ADEL,4
DH03368261,24.119,120.623,ADCR,1
DH03368262,24.115,120.625,ADCS,1
DH03368263,24.125,120.617,ADEL,5
DH03368264,24.125,120.612,ADEL,6
DH03368265,24.122,120.611,ADCR,2
DH03368266,24.116,120.618,ADCR,3
DH03368267,24.112,120.613,ADCR,4
DH03368268,24.129,120.707,ADEQ,1
DH03368269,24.129,120.712,ADEQ,2
DH03368270,24.128,120.718,ADEQ,3
DH03368271,24.12,120.705,ADCV,1
DH03368272,24.12,120.711,ADCW,1
DH03368273,24.122,120.71,ADCW,2
DH03368274,24.117,120.717,ADCW,3
DH03368275,24.121,121.63,AMBU,1
DH03368276,24.123,121.628,AMBU,2
DH03368277,24.042,120.391,ACUZ,1
DH03368278,24.036,120.379,ACUZ,2
DH03368279,24.039,120.377,ACUY,1
DH03368280,24.043,120.456,ACVC,1
DH03368281,24.042,120.463,ACVD,1
DH03368282,24.038,120.461,ACVD,2
DH03368283,24.04,120.456,ACVC,2
DH03368284,24.04,120.458,ACVC,3
DH03368285,24.039,120.456,ACVC,4
DH03368286,24.036,120.465,ACVD,3
DH03368287,24.034,120.463,ACVD,4
DH03368288,24.035,120.46,ACVC,5
DH03368289,24.04,120.541,ACVG,1
DH03368290,24.037,120.546,ACVH,1
DH03368291,24.035,120.537,ACVG,2
DH03368292,24.038,120.539,ACVG,3
DH03368293,24.036,120.538,ACVG,4
DH03368294,24.034,120.54,ACVG,5
DH03368295,24.047,120.606,ACVK,1
DH03368296,24.046,120.618,ACVK,2
DH03368297,24.044,120.624,ACVL,1
DH03368298,24.039,120.614,ACVK,3
DH03368299,24.041,120.617,ACVK,4
DH03368300,24.035,120.621,ACVK,5
DH03368301,24.038,120.619,ACVK,6
DH03368302,24.037,120.623,ACVL,2
DH03368303,24.039,120.621,ACVK,7
DH03368304,24.033,120.617,ACVK,8
DH03368305,24.043,120.702,ACVO,1
DH03368306,24.041,120.704,ACVO,2
DH03368307,24.061,121.616,ALZZ,1
DH03368308,24.046,121.61,ALZK,1
DH03368309,23.969,120.381,ACNP,1
DH03368310,23.954,120.374,ACLR,1
DH03368311,23.953,120.38,ACLS,1
DH03368312,23.964,120.459,ACNS,1
DH03368313,23.959,120.454,ACNS,2
DH03368314,23.959,120.464,ACNT,1
DH03368315,23.955,120.462,ACLW,1
DH03368316,23.954,120.46,ACLW,2
DH03368317,23.968,120.532,ACNW,1
DH03368318,23.96,120.549,ACNX,1
DH03368319,23.96,120.549,ACNX,2
DH03368320,23.965,120.54,ACNW,2
DH03368321,23.954,120.546,ACMA,1
DH03368322,23.982,120.618,ACPX,1
DH03368323,23.959,120.626,ACOB,1
DH03368324,23.955,120.614,ACMD,1
DH03368325,23.947,120.623,ACME,1
DH03368326,23.953,121.544,ALVZ,1
DH03368327,23.956,121.539,ALVY,1
DH03368328,23.885,120.296,ACFR,1
DH03368329,23.881,120.293,ACDR,1
DH03368330,23.878,120.304,ACDS,1
DH03368331,23.878,120.294,ACDR,2
DH03368332,23.876,120.291,ACDR,3
DH03368333,23.869,120.289,ACDR,4
DH03368334,23.887,120.385,ACFW,1
DH03368335,23.879,120.38,ACDW,1
DH03368336,23.876,120.373,ACDV,1
DH03368337,23.874,120.387,ACDW,2
DH03368338,23.878,120.384,ACDW,3
DH03368339,23.875,120.379,ACDW,4
DH03368340,23.873,120.374,ACDV,2
DH03368341,23.886,120.46,ACGA,1
DH03368342,23.884,120.463,ACGA,2
DH03368343,23.879,120.462,ACEA,1
DH03368344,23.875,120.453,ACDZ,1
DH03368345,23.882,120.463,ACGA,3
DH03368346,23.877,120.453,ACDZ,2
DH03368347,23.877,120.46,ACEA,2
DH03368348,23.884,120.538,ACGD,1
DH03368349,23.881,120.543,ACEE,1
DH03368350,23.879,120.536,ACED,1
DH03368351,23.878,120.546,ACEE,2
DH03368352,23.877,120.545,ACEE,3
DH03368353,23.877,120.538,ACED,2
DH03368354,23.872,120.542,ACEE,4
DH03368355,23.881,120.629,ACEI,1
DH03368356,23.89,120.618,ACGH,1
DH03368357,23.885,120.621,ACGH,2
DH03368358,23.881,120.626,ACEI,2
DH03368359,23.867,120.617,ACEH,1
DH03368360,23.876,120.624,ACEI,3
DH03368361,23.874,120.626,ACEI,4
DH03368362,23.876,120.625,ACEI,5
DH03368363,23.876,120.625,ACEI,6
DH03368364,23.877,120.624,ACEI,7
DH03368365,23.877,120.624,ACEI,8
DH03368366,23.883,120.71,ACGM,1
DH03368367,23.884,120.704,ACGL,1
DH03368368,23.875,120.707,ACEM,1
DH03368369,23.875,120.704,ACEL,1
DH03368370,23.888,121.528,ALTL,1
DH03368371,23.799,120.282,ABVU,1
DH03368372,23.796,120.297,ABVV,1
DH03368373,23.793,120.294,ABVU,2
DH03368374,23.788,120.289,ABTT,1
DH03368375,23.79,120.289,ABVU,3
DH03368376,23.789,120.295,ABTT,2
DH03368377,23.782,120.295,ABTT,3
DH03368378,23.795,120.384,ABVZ,1
DH03368379,23.796,120.375,ABVY,1
DH03368380,23.796,120.38,ABVZ,2
DH03368381,23.79,120.4,ABWA,1
DH03368382,23.79,120.371,ABVY,2
DH03368383,23.788,120.375,ABTX,1
DH03368384,23.78,120.386,ABTY,1
DH03368385,23.797,120.453,ABWC,1
DH03368386,23.79,120.46,ABWD,1
DH03368387,23.783,120.453,ABUB,1
DH03368388,23.785,120.461,ABUC,1
DH03368389,23.781,120.536,ABUF,1
DH03368390,23.804,120.637,ABWL,1
DH03368391,23.799,120.707,ABWP,1
DH03368392,23.783,120.708,ABUO,1
DH03368393,23.797,121.452,ALQC,1
DH03368394,23.787,121.463,ALQD,1
DH03368395,23.782,121.453,ALPL,1
DH03368396,23.779,121.466,ALPM,1
DH03368397,23.714,120.22,ABLI,1
DH03368398,23.716,120.205,ABNJ,1
DH03368399,23.719,120.297,ABNO,1
DH03368400,23.713,120.296,ABLL,1
DH03368401,23.716,120.291,ABNN,1
DH03368402,23.711,120.282,ABLL,2
DH03368403,23.709,120.294,ABLL,3
DH03368404,23.702,120.285,ABLL,4
DH03368405,23.718,120.368,ABNR,1
DH03368406,23.717,120.375,ABNR,2
DH03368407,23.714,120.384,ABLQ,1
DH03368408,23.709,120.389,ABLQ,2
DH03368409,23.711,120.37,ABLP,1
DH03368410,23.713,120.378,ABLQ,3
DH03368411,23.712,120.385,ABLQ,4
DH03368412,23.711,120.378,ABLQ,5
DH03368413,23.703,120.38,ABLQ,6
DH03368414,23.707,120.377,ABLP,2
DH03368415,23.703,120.37,ABLP,3
DH03368416,23.707,120.374,ABLP,4
DH03368417,23.708,120.378,ABLQ,7
DH03368418,23.704,120.377,ABLP,5
DH03368419,23.726,120.468,ABNW,1
DH03368420,23.719,120.449,ABNV,1
DH03368421,23.719,120.456,ABNV,2
DH03368422,23.712,120.471,ABLU,1
DH03368423,23.715,120.466,ABNW,2
DH03368424,23.712,120.465,ABLU,2
DH03368425,23.708,120.451,ABLT,1
DH03368426,23.714,120.453,ABLT,2
DH03368427,23.708,120.458,ABLT,3
DH03368428,23.72,120.535,ABNZ,1
DH03368429,23.716,120.537,ABNZ,2
DH03368430,23.718,120.544,ABOA,1
DH03368431,23.711,120.53,ABLX,1
DH03368432,23.702,120.535,ABLX,2
DH03368433,23.705,120.549,ABLY,1
DH03368434,23.701,120.541,ABLY,2
DH03368435,23.708,121.452,ALNP,1
DH03368436,23.631,120.213,ABCY,1
DH03368437,23.628,120.21,ABCY,2
DH03368438,23.624,120.217,ABCZ,1
DH03368439,23.618,120.206,ABAW,1
DH03368440,23.623,120.21,ABCY,3
DH03368441,23.622,120.213,ABCY,4
DH03368442,23.616,120.208,ABAW,2
DH03368443,23.61,120.211,ABAW,3
DH03368444,23.629,120.286,ABDC,1
DH03368445,23.627,120.293,ABDC,2
DH03368446,23.622,120.296,ABDC,3
DH03368447,23.626,120.287,ABDC,4
DH03368448,23.626,120.29,ABDC,5
DH03368449,23.624,120.285,ABDC,6
DH03368450,23.623,120.289,ABDC,7
DH03368451,23.622,120.287,ABDC,8
DH03368452,23.619,120.29,ABBA,1
DH03368453,23.619,120.291,ABBA,2
DH03368454,23.618,120.285,ABBA,3
DH03368455,23.616,120.294,ABBA,4
DH03368456,23.615,120.287,ABBA,5
DH03368457,23.618,120.389,ABBF,1
DH03368458,23.614,120.385,ABBF,2
DH03368459,23.63,120.382,ABDH,1
DH03368460,23.631,120.377,ABDG,1
DH03368461,23.625,120.379,ABDH,2
DH03368462,23.623,120.385,ABDH,3
DH03368463,23.62,120.38,ABBF,3
DH03368464,23.615,120.379,ABBF,4
DH03368465,23.616,120.378,ABBF,5
DH03368466,23.625,120.463,ABDL,1
DH03368467,23.624,120.455,ABDK,1
DH03368468,23.621,120.464,ABBJ,1
DH03368469,23.616,120.461,ABBJ,2
DH03368470,23.618,120.462,ABBJ,3
DH03368471,23.617,120.468,ABBJ,4
DH03368472,23.617,120.455,ABBI,1
DH03368473,23.616,120.465,ABBJ,5
DH03368474,23.627,120.541,ABDP,1
DH03368475,23.62,120.536,ABBM,1
DH03368476,23.618,120.534,ABBM,2
DH03368477,23.617,120.538,ABBM,3
DH03368478,23.611,120.535,ABBM,4
DH03368479,23.613,120.539,ABBM,5
DH03368480,23.618,121.384,ALKQ,1
DH03368481,23.551,120.229,AAUX,1
DH03368482,23.547,120.21,AASV,1
DH03368483,23.545,120.205,AASV,2
DH03368484,23.543,120.212,AASV,3
DH03368485,23.542,120.205,AASV,4
DH03368486,23.538,120.206,AASV,5
DH03368487,23.535,120.206,AASV,6
DH03368488,23.536,120.213,AASV,7
DH03368489,23.53,120.211,AASV,8
DH03368490,23.545,120.296,AASZ,1
DH03368491,23.542,120.294,AASZ,2
DH03368492,23.544,120.292,AASZ,3
DH03368493,23.541,120.285,AASZ,4
DH03368494,23.542,120.291,AASZ,5
DH03368495,23.54,120.287,AASZ,6
DH03368496,23.539,120.291,AASZ,7
DH03368497,23.538,120.289,AASZ,8
DH03368498,23.537,120.296,AASZ,9
DH03368499,23.537,120.294,AASZ,10
DH03368500,23.536,120.293,AASZ,11
DH03368501,23.533,120.286,AASZ,12
DH03368502,23.535,120.291,AASZ,13
DH03368503,23.532,120.292,AASZ,14
DH03368504,23.534,120.293,AASZ,15
DH03368505,23.546,120.396,AATE,1
DH03368506,23.545,120.373,AATD,1
DH03368507,23.545,120.376,AATD,2
DH03368508,23.542,120.379,AATE,2
DH03368509,23.543,120.373,AATD,3
DH03368510,23.543,120.375,AATD,4
DH03368511,23.541,120.38,AATE,3
DH03368512,23.539,120.387,AATE,4
DH03368513,23.54,120.374,AATD,5
DH03368514,23.538,120.376,AATD,6
DH03368515,23.539,120.377,AATD,7
DH03368516,23.536,120.385,AATE,5
DH03368517,23.536,120.373,AATD,8
DH03368518,23.535,120.377,AATD,9
DH03368519,23.535,120.374,AATD,10
DH03368520,23.535,120.384,AATE,6
DH03368521,23.524,120.378,AARD,1
DH03368522,23.534,120.381,AATE,7
DH03368523,23.536,120.452,AATH,1
DH03368524,23.544,120.45,AATH,2
DH03368525,23.534,120.468,AATI,1
DH03368526,23.535,121.375,ALHO,1
DH03368527,23.467,120.217,AAKZ,1
DH03368528,23.462,120.212,AAKY,1
DH03368529,23.458,120.216,AAKZ,2
DH03368530,23.457,120.209,AAKY,2
DH03368531,23.456,120.208,AAKY,3
DH03368532,23.454,120.214,AAJI,1
DH03368533,23.456,120.213,AAKY,4
DH03368534,23.468,120.298,AALD,1
DH03368535,23.468,120.288,AALC,1
DH03368536,23.462,120.287,AALC,2
DH03368537,23.466,120.293,AALC,3
DH03368538,23.456,120.302,AALD,2
DH03368539,23.455,120.282,AALC,4
DH03368540,23.455,120.288,AALC,5
DH03368541,23.456,120.293,AALC,6
DH03368542,23.456,120.29,AALC,7
DH03368543,23.456,120.285,AALC,8
DH03368544,23.451,120.294,AAJM,1
DH03368545,23.472,120.373,AALG,1
DH03368546,23.463,120.382,AALH,1
DH03368547,23.463,120.381,AALH,2
DH03368548,23.456,120.37,AALG,2
DH03368549,23.454,120.381,AALH,3
DH03368550,23.46,120.383,AALH,4
DH03368551,23.457,120.385,AALH,5
DH03368552,23.459,120.38,AALH,6
DH03368553,23.457,120.383,AALH,7
DH03368554,23.471,120.468,AALL,1
DH03368555,23.464,120.462,AALL,2
DH03368556,23.462,120.454,AALK,1
DH03368557,23.462,120.459,AALL,3
DH03368558,23.456,120.459,AALL,4
DH03368559,23.456,120.463,AALL,5
DH03368560,23.456,120.464,AALL,6
DH03368561,23.451,121.384,ALEM,1
DH03368562,23.386,120.208,AAFH,1
DH03368563,23.385,120.214,AAFH,2
DH03368564,23.384,120.204,AAFH,3
DH03368565,23.384,120.213,AAFH,4
DH03368566,23.383,120.21,AAFH,5
DH03368567,23.382,120.206,AAFH,6
DH03368568,23.382,120.214,AAFH,7
DH03368569,23.382,120.213,AAFH,8
DH03368570,23.38,120.205,AAFH,9
DH03368571,23.381,120.212,AAFH,10
DH03368572,23.376,120.21,AAEF,1
DH03368573,23.379,120.208,AAEF,2
DH03368574,23.38,120.215,AAFI,1
DH03368575,23.377,120.215,AAEG,1
DH03368576,23.375,120.215,AAEG,2
DH03368577,23.372,120.208,AAEF,3
DH03368578,23.368,120.293,AAEJ,1
DH03368579,23.386,120.295,AAFL,1
DH03368580,23.385,120.287,AAFL,2
DH03368581,23.383,120.298,AAFM,1
DH03368582,23.381,120.286,AAFL,3
DH03368583,23.382,120.293,AAFL,4
DH03368584,23.379,120.29,AAEJ,2
DH03368585,23.378,120.287,AAEJ,3
DH03368586,23.378,120.293,AAEJ,4
DH03368587,23.378,120.29,AAEJ,5
DH03368588,23.377,120.284,AAEJ,6
DH03368589,23.377,120.29,AAEJ,7
DH03368590,23.372,120.285,AAEJ,8
DH03368591,23.387,120.38,AJMU,1
DH03368592,23.384,120.389,AJMU,2
DH03368593,23.38,120.385,AJMU,3
DH03368594,23.383,120.377,AJMU,4
DH03368595,23.381,120.375,AJMT,1
DH03368596,23.376,120.372,AJMF,1
DH03368597,23.373,120.392,AJMG,1
DH03368598,23.378,120.384,AJMG,2
DH03368599,23.375,120.376,AJMF,2
DH03368600,23.384,120.462,AAFP,1
DH03368601,23.38,120.451,AJMX,1
DH03368602,23.379,120.46,AJMK,1
DH03368603,23.378,120.459,AJMK,2
DH03368604,23.376,120.453,AJMJ,1
DH03368605,23.371,120.449,AJMJ,2
DH03368606,23.347,121.459,AKZM,1
DH03368607,23.298,120.222,AABG,1
DH03368608,23.294,120.201,AABF,1
DH03368609,23.29,120.215,AABG,2
DH03368610,23.29,120.214,AABF,2
DH03368611,23.289,120.208,AABF,3
DH03368612,23.29,120.212,AABF,4
DH03368613,23.289,120.212,AABF,5
DH03368614,23.283,120.206,AJGP,1
DH03368615,23.286,120.21,AJGP,2
DH03368616,23.302,120.195,AABF,6
DH03368617,23.3,120.202,AABF,7
DH03368618,23.295,120.211,AABF,8
DH03368619,23.293,120.209,AABF,9
DH03368620,23.292,120.212,AABF,10
DH03368621,23.292,120.212,AABF,11
DH03368622,23.301,120.297,AJIB,1
DH03368623,23.283,120.278,AJGT,1
DH03368624,23.295,120.299,AJIB,2
DH03368625,23.293,120.302,AJIB,3
DH03368626,23.286,120.28,AJGT,2
DH03368627,23.29,120.296,AJIB,4
DH03368628,23.292,120.292,AJIA,1
DH03368629,23.288,120.288,AJIA,2
DH03368630,23.292,120.287,AJIA,3
DH03368631,23.292,120.288,AJIA,4
DH03368632,23.28,120.292,AJGT,3
DH03368633,23.297,120.373,AJIE,1
DH03368634,23.295,120.381,AJIF,1
DH03368635,23.293,120.382,AJIF,2
DH03368636,23.284,120.371,AJGX,1
DH03368637,23.289,120.377,AJIF,3
DH03368638,23.277,120.384,AJGY,1
DH03368639,23.282,120.381,AJGY,2
DH03368640,23.288,121.306,AKWW,1
DH03368641,23.29,121.3,AKWW,2
DH03368642,23.281,121.284,AKWC,1
DH03368643,23.282,121.291,AKWW,3
DH03368644,23.285,121.289,AKWW,4
DH03368645,23.203,120.124,AJAS,1
DH03368646,23.216,120.123,AJCI,1
DH03368647,23.208,120.121,AJAS,2
DH03368648,23.218,120.207,AJCM,1
DH03368649,23.215,120.209,AJCM,2
DH03368650,23.213,120.214,AJCM,3
DH03368651,23.207,120.215,AJAX,1
DH03368652,23.207,120.209,AJAW,1
DH03368653,23.209,120.206,AJAW,2
DH03368654,23.219,120.302,AJCR,1
DH03368655,23.215,120.287,AJCQ,1
DH03368656,23.217,120.288,AJCQ,2
DH03368657,23.213,120.289,AJCQ,3
DH03368658,23.208,120.289,AJBA,1
DH03368659,23.207,120.291,AJBA,2
DH03368660,23.204,120.293,AJBA,3
DH03368661,23.217,121.283,AKTM,1
DH03368662,23.135,120.208,AIUK,1
DH03368663,23.121,120.204,AIUK,2
DH03368664,23.113,120.206,AIST,1
DH03368665,23.118,120.205,AIST,2
DH03368666,23.121,120.274,AIUN,1
DH03368667,23.115,120.296,AISY,1
DH03368668,23.12,120.289,AIUO,1
DH03368669,23.121,120.286,AIUO,2
DH03368670,23.118,120.292,AISX,1
DH03368671,23.115,120.285,AISX,2
DH03368672,23.125,121.207,AKOQ,1
DH03368673,23.117,121.215,AKOQ,2
DH03368674,23.126,121.281,AKOT,1
DH03368675,23.125,121.384,AKOY,1
DH03368676,23.115,121.383,AKOY,2
DH03368677,23.115,121.388,AKOZ,1
DH03368678,23.057,120.205,AINT,1
DH03368679,23.041,120.216,AIMD,1
DH03368680,23.043,120.204,AIMC,1
DH03368681,23.037,120.208,AIMC,2
DH03368682,23.036,120.21,AIMC,3
DH03368683,23.057,120.205,AINT,2
DH03368684,23.041,120.215,AIMD,2
DH03368685,23.043,120.204,AIMC,4
DH03368686,23.043,120.208,AIMC,5
DH03368687,23.047,120.286,AINX,1
DH03368688,23.046,120.291,AINX,2
DH03368689,23.044,120.294,AIMG,1
DH03368690,23.042,120.285,AIMG,2
DH03368691,23.035,120.283,AIMG,3
DH03368692,23.035,120.293,AIMG,4
DH03368693,23.036,120.285,AIMG,5
DH03368694,23.036,120.286,AIMG,6
DH03368695,23.033,120.288,AIMG,7
DH03368696,23.043,121.293,AKLE,1
DH03368697,23.042,121.29,AKLE,2
DH03368698,23.038,121.29,AKKI,1
DH03368699,23.039,121.289,AKKI,2
DH03368700,23.039,121.287,AKKI,3
DH03368701,23.039,121.295,AKKI,4
DH03368702,23.037,121.294,AKKI,5
DH03368703,23.034,121.284,AKKH,1
DH03368704,23.035,121.288,AKKI,6
DH03368705,23.034,121.289,AKKI,7
DH03368706,22.969,120.213,AIGH,1
DH03368707,22.96,120.203,AIGH,2
DH03368708,22.965,120.288,AIGL,1
DH03368709,22.96,120.296,AIGM,1
DH03368710,22.958,120.29,AIGL,2
DH03368711,22.956,120.287,AIGL,3
DH03368712,22.965,121.118,AKGO,1
DH03368713,22.958,121.13,AKGP,1
DH03368714,22.964,121.296,AKGX,1
DH03368715,22.957,121.289,AKGX,2
DH03368716,22.958,121.295,AKGX,3
DH03368717,22.887,120.285,AIBF,1
DH03368718,22.89,120.297,AIBG,1
DH03368719,22.885,120.292,AIBF,2
DH03368720,22.884,120.291,AIBF,3
DH03368721,22.883,120.288,AIBF,4
DH03368722,22.883,120.296,AIBG,2
DH03368723,22.882,120.297,AIBG,3
DH03368724,22.881,120.294,AIBF,5
DH03368725,22.874,120.279,AHZW,1
DH03368726,22.875,120.301,AHZX,1
DH03368727,22.875,120.288,AHZW,2
DH03368728,22.878,120.286,AIBF,6
DH03368729,22.874,120.296,AHZX,2
DH03368730,22.875,120.291,AHZW,3
DH03368731,22.888,120.535,AIBR,1
DH03368732,22.885,120.542,AIBS,1
DH03368733,22.88,120.542,AIBS,2
DH03368734,22.878,120.535,AIBR,2
DH03368735,22.874,120.539,AIAJ,1
DH03368736,22.874,120.535,AIAI,1
DH03368737,22.884,121.119,AKDG,1
DH03368738,22.88,121.12,AKDG,2
DH03368739,22.877,121.117,AKDG,3
DH03368740,22.883,121.23,AKDM,1
DH03368741,22.872,121.212,AKCT,1
DH03368742,22.873,121.207,AKDL,1
DH03368743,22.873,121.217,AKDL,2
DH03368744,22.798,120.294,AHUJ,1
DH03368745,22.798,120.283,AHUJ,2
DH03368746,22.793,120.288,AHUJ,3
DH03368747,22.793,120.284,AHUJ,4
DH03368748,22.789,120.294,AHUJ,5
DH03368749,22.789,120.283,AHUJ,6
DH03368750,22.791,120.286,AHUJ,7
DH03368751,22.781,120.284,AHTA,1
DH03368752,22.795,120.369,AHUN,1
DH03368753,22.794,120.373,AHUN,2
DH03368754,22.792,120.375,AHUN,3
DH03368755,22.795,120.468,AHUS,1
DH03368756,22.794,120.459,AHUS,2
DH03368757,22.79,120.546,AHUW,1
DH03368758,22.796,120.608,AHUZ,1
DH03368759,22.796,120.618,AHVA,1
DH03368760,22.792,120.624,AHVA,2
DH03368761,22.79,120.619,AHVA,3
DH03368762,22.79,120.617,AHVA,4
DH03368763,22.782,120.615,AHTQ,1
DH03368764,22.803,121.126,AKAT,1
DH03368765,22.802,121.12,AKAS,1
DH03368766,22.793,121.125,AKAF,1
DH03368767,22.789,121.119,AKAE,1
DH03368768,22.783,121.122,AKAF,2
DH03368769,22.717,120.285,AHPD,1
DH03368770,22.716,120.294,AHPD,2
DH03368771,22.711,120.292,AHPD,3
DH03368772,22.712,120.285,AHPD,4
DH03368773,22.707,120.286,AHNY,1
DH03368774,22.704,120.373,AHOC,1
DH03368775,22.715,120.55,AHPQ,1
DH03368776,22.709,120.554,AHPQ,2
DH03368777,22.716,120.543,AHPQ,3
DH03368778,22.715,120.531,AHPP,1
DH03368779,22.715,120.538,AHPQ,4
DH03368780,22.714,120.543,AHPQ,5
DH03368781,22.714,120.537,AHPQ,6
DH03368782,22.711,120.539,AHPQ,7
DH03368783,22.712,120.536,AHPP,2
DH03368784,22.711,120.544,AHPQ,8
DH03368785,22.709,120.533,AHPP,3
DH03368786,22.709,120.543,AHPQ,9
DH03368787,22.708,120.539,AHOL,1
DH03368788,22.706,120.532,AHOK,1
DH03368789,22.717,120.614,AHPT,1
DH03368790,22.706,120.625,AHOP,1
DH03368791,22.704,120.601,AHOO,1
DH03368792,22.708,120.619,AHOP,2
DH03368793,22.7,120.61,AHOO,2
DH03368794,22.706,120.618,AHOP,3
DH03368795,22.705,120.614,AHOO,3
DH03368796,22.715,121.042,AJYC,1
DH03368797,22.71,121.047,AJYC,2
DH03368798,22.709,121.043,AJYC,3
DH03368799,22.722,121.113,AJYF,1
DH03368800,22.628,120.377,AHJX,1
DH03368801,22.626,120.372,AHJW,1
DH03368802,22.627,120.383,AHJX,2
DH03368803,22.624,120.373,AHJW,2
DH03368804,22.622,120.387,AHJX,3
DH03368805,22.624,120.38,AHJX,4
DH03368806,22.62,120.386,AHJX,5
DH03368807,22.622,120.383,AHJX,6
DH03368808,22.624,120.379,AHJX,7
DH03368809,22.622,120.377,AHJX,8
DH03368810,22.622,120.379,AHJX,9
DH03368811,22.614,120.392,AHIY,1
DH03368812,22.627,120.456,AHKB,1
DH03368813,22.618,120.455,AHKA,1
DH03368814,22.624,120.463,AHKB,2
DH03368815,22.619,120.458,AHKB,3
DH03368816,22.615,120.462,AHJC,1
DH03368817,22.615,120.465,AHJC,2
DH03368818,22.616,120.461,AHJC,3
DH03368819,22.624,120.564,AHKG,1
DH03368820,22.628,120.542,AHKF,1
DH03368821,22.625,120.544,AHKF,2
DH03368822,22.628,120.537,AHKF,3
DH03368823,22.627,120.538,AHKF,4
DH03368824,22.615,120.527,AHJF,1
DH03368825,22.623,120.543,AHKF,5
DH03368826,22.621,120.544,AHKF,6
DH03368827,22.618,120.538,AHKF,7
DH03368828,22.621,120.541,AHKF,8
DH03368829,22.619,120.542,AHKF,9
DH03368830,22.619,120.546,AHKF,10
DH03368831,22.614,120.539,AHJG,1
DH03368832,22.614,120.544,AHJG,2
DH03368833,22.617,120.543,AHKF,11
DH03368834,22.625,120.622,AHKJ,1
DH03368835,22.618,120.621,AHKJ,2
DH03368836,22.616,120.627,AHKJ,3
DH03368837,22.617,120.614,AHKI,1
DH03368838,22.617,120.625,AHKJ,4
DH03368839,22.62,120.615,AHKI,2
DH03368840,22.616,120.62,AHKJ,5
DH03368841,22.614,120.62,AHJK,1
DH03368842,22.613,120.622,AHJK,2
DH03368843,22.549,120.376,AHGD,1
DH03368844,22.542,120.378,AHGD,2
DH03368845,22.544,120.375,AHGD,3
DH03368846,22.533,120.357,AHFF,1
DH03368847,22.537,120.376,AHFG,1
DH03368848,22.547,120.457,AHGH,1
DH03368849,22.543,120.473,AHGH,2
DH03368850,22.544,120.461,AHGH,3
DH03368851,22.545,120.466,AHGH,4
DH03368852,22.544,120.456,AHGH,5
DH03368853,22.544,120.46,AHGH,6
DH03368854,22.542,120.459,AHGH,7
DH03368855,22.541,120.455,AHFK,1
DH03368856,22.533,120.454,AHFK,2
DH03368857,22.538,120.465,AHFK,3
DH03368858,22.538,120.468,AHFK,4
DH03368859,22.537,120.463,AHFK,5
DH03368860,22.536,120.461,AHFK,6
DH03368861,22.533,120.46,AHFK,7
DH03368862,22.532,120.468,AHFK,8
DH03368863,22.533,120.458,AHFK,9
DH03368864,22.544,120.534,AHGK,1
DH03368865,22.545,120.54,AHGL,1
DH03368866,22.546,120.544,AHGL,2
DH03368867,22.543,120.542,AHGL,3
DH03368868,22.544,120.539,AHGL,4
DH03368869,22.544,120.547,AHGL,5
DH03368870,22.54,120.545,AHFO,1
DH03368871,22.541,120.541,AHFO,2
DH03368872,22.543,120.533,AHGK,2
DH03368873,22.543,120.545,AHGL,6
DH03368874,22.539,120.548,AHFO,3
DH03368875,22.54,120.545,AHFO,4
DH03368876,22.539,120.536,AHFO,5
DH03368877,22.538,120.543,AHFO,6
DH03368878,22.538,120.54,AHFO,7
DH03368879,22.537,120.542,AHFO,8
DH03368880,22.536,120.547,AHFO,9
DH03368881,22.536,120.537,AHFO,10
DH03368882,22.535,120.542,AHFO,11
DH03368883,22.527,120.541,AHFO,12
DH03368884,22.555,120.611,AHGO,1
DH03368885,22.545,120.62,AHGP,1
DH03368886,22.541,120.619,AHFS,1
DH03368887,22.539,120.611,AHFR,1
DH03368888,22.533,120.619,AHFS,2
DH03368889,22.534,120.622,AHFS,3
DH03368890,22.533,120.614,AHFR,2
DH03368891,22.465,120.483,AHCC,1
DH03368892,22.466,120.461,AHCB,1
DH03368893,22.464,120.463,AHCB,2
DH03368894,22.462,120.463,AHCB,3
DH03368895,22.466,120.547,AHCF,1
DH03368896,22.465,120.535,AHCE,1
DH03368897,22.464,120.537,AHCF,2
DH03368898,22.463,120.539,AHCF,3
DH03368899,22.464,120.543,AHCF,4
DH03368900,22.458,120.531,AHCE,2
DH03368901,22.462,120.542,AHCF,5
DH03368902,22.457,120.546,AHCF,6
DH03368903,22.456,120.545,AHCF,7
DH03368904,22.44,120.544,AHBN,1
DH03368905,22.466,120.613,AHCI,1
DH03368906,22.46,120.615,AHCI,2
DH03368907,22.385,120.616,AGZW,1
DH03368908,22.383,120.613,AGZV,1
DH03368909,22.378,120.616,AGZW,2
DH03368910,22.373,120.616,AGZK,1
DH03368911,22.046,120.708,AGSA,1
DH03368912,22.048,120.714,AGSB,1
DH03368913,22.047,120.716,AGSB,2
DH03368914,22.039,120.71,AGSA,2
DH03368915,22.042,120.715,AGSB,3
DH03368916,22.04,120.716,AGSB,4
DH03368917,22.032,120.7,AGRO,1
DH03368918,22.027,120.71,AGRO,2
DH03368919,21.942,120.719,AGPV,1
DH03368920,21.956,120.716,AGQD,1
